,iso_code,location,date,total_vaccinations,people_vaccinated,people_fully_vaccinated,total_boosters,daily_vaccinations_raw,daily_vaccinations,total_vaccinations_per_hundred,people_vaccinated_per_hundred,people_fully_vaccinated_per_hundred,total_boosters_per_hundred,daily_vaccinations_per_million,daily_people_vaccinated,daily_people_vaccinated_per_hundred,Unnamed: 0,Country Name,Country Code,2020
0,ABW,Aruba,2021-12-28,163537.0,84624.0,78913.0,,93.0,60.0,152.56,78.94,73.62,,560.0,34.0,0.032,0,Aruba,ABW,
1,AFG,Afghanistan,2021-11-27,5228706.0,4397449.0,3566192.0,,4015.0,15991.0,13.13,11.04,8.95,,401.0,16001.0,0.04,2,Afghanistan,AFG,20116137326.0
2,AGO,Angola,2021-12-23,11164918.0,7423668.0,3741250.0,,,44955.0,32.9,21.88,11.03,,1325.0,22178.0,0.065,4,Angola,AGO,58375976293.0
3,ALB,Albania,2021-12-23,2286235.0,1131547.0,1018549.0,136139.0,9865.0,7389.0,79.58,39.39,35.45,4.74,2572.0,2487.0,0.087,5,Albania,ALB,14887629268.0
4,AND,Andorra,2021-12-12,115709.0,56628.0,50551.0,8530.0,1973.0,1326.0,149.58,73.21,65.35,11.03,17142.0,76.0,0.098,6,Andorra,AND,
5,ARE,United Arab Emirates,2021-12-24,22406584.0,9890348.0,9059559.0,3456677.0,29515.0,22862.0,224.27,98.99,90.68,34.6,2288.0,307.0,0.003,8,United Arab Emirates,ARE,358869000000.0
6,ARG,Argentina,2021-12-28,75644660.0,38036381.0,32414222.0,5020870.0,858958.0,252694.0,165.87,83.4,71.07,11.01,5541.0,48152.0,0.106,9,Argentina,ARG,389288000000.0
7,ARM,Armenia,2021-12-26,1626738.0,934028.0,692082.0,628.0,,11444.0,54.81,31.47,23.32,0.02,3856.0,4338.0,0.146,10,Armenia,ARM,12641209802.0
8,ATG,Antigua and Barbuda,2021-12-19,120657.0,62154.0,58503.0,,432.0,94.0,122.21,62.95,59.26,,952.0,26.0,0.026,12,Antigua and Barbuda,ATG,1370281481.0
9,AUS,Australia,2021-12-28,42272089.0,20417817.0,19709450.0,2144822.0,37087.0,88519.0,163.92,79.17,76.43,8.32,3433.0,7716.0,0.03,13,Australia,AUS,1327840000000.0
10,AUT,Austria,2021-12-28,16323415.0,6602962.0,6443122.0,3620635.0,51862.0,36056.0,180.51,73.02,71.25,40.04,3987.0,3634.0,0.04,14,Austria,AUT,433258000000.0
11,AZE,Azerbaijan,2021-12-28,11255847.0,5161039.0,4666161.0,1428647.0,31242.0,22647.0,110.1,50.48,45.64,13.97,2215.0,2338.0,0.023,15,Azerbaijan,AZE,42607176471.0
12,BDI,Burundi,2021-12-23,7543.0,4010.0,3533.0,,47.0,182.0,0.06,0.03,0.03,,15.0,0.0,0.0,16,Burundi,BDI,2841786382.0
13,BEL,Belgium,2021-12-28,21451272.0,8905193.0,8794535.0,4175345.0,51630.0,63109.0,184.41,76.56,75.6,35.89,5425.0,1209.0,0.01,17,Belgium,BEL,521861000000.0
14,BEN,Benin,2021-12-27,1773592.0,1699784.0,1319264.0,,,23970.0,14.24,13.65,10.6,,1925.0,22919.0,0.184,18,Benin,BEN,15651545332.0
15,BFA,Burkina Faso,2021-12-22,1053330.0,972376.0,649320.0,,,39484.0,4.9,4.52,3.02,,1837.0,75658.0,0.35200000000000004,19,Burkina Faso,BFA,17933606353.0
16,BGD,Bangladesh,2021-12-17,132282376.0,87546674.0,44735702.0,,570616.0,728418.0,79.54,52.64,26.9,,4380.0,288712.0,0.174,20,Bangladesh,BGD,323057000000.0
17,BGR,Bulgaria,2021-12-28,3662560.0,1904143.0,1900536.0,255636.0,3866.0,5823.0,53.11,27.61,27.56,3.71,844.0,5601.0,0.081,21,Bulgaria,BGR,69889347433.0
18,BHR,Bahrain,2021-12-28,3204347.0,1201721.0,1176171.0,826455.0,9267.0,9678.0,183.28,68.74,67.28,47.27,5536.0,663.0,0.038,22,Bahrain,BHR,34729228723.0
19,BHS,Bahamas,2021-12-23,300214.0,157041.0,147365.0,6954.0,6771.0,994.0,75.64,39.57,37.13,1.75,2504.0,303.0,0.076,23,"Bahamas, The",BHS,9907500000.0
20,BIH,Bosnia and Herzegovina,2021-11-30,1553874.0,882641.0,720631.0,22572.0,66884.0,13791.0,47.61,27.05,22.08,0.69,4226.0,1900.0,0.058,24,Bosnia and Herzegovina,BIH,19946496563.0
21,BLR,Belarus,2021-12-19,7708200.0,4356041.0,3228165.0,114146.0,,70068.0,81.63,46.13,34.19,1.21,7420.0,41685.0,0.441,25,Belarus,BLR,60258239056.0
22,BLZ,Belize,2021-12-23,424634.0,230125.0,199119.0,,5470.0,547.0,104.87,56.83,49.18,,1351.0,71.0,0.018000000000000002,26,Belize,BLZ,1636280797.0
23,BMU,Bermuda,2021-12-17,110329.0,46194.0,45213.0,18922.0,,544.0,177.69,74.4,72.82,30.47,8761.0,20.0,0.032,27,Bermuda,BMU,6842700000.0
24,BOL,Bolivia,2021-12-27,9556929.0,5492333.0,4533537.0,514570.0,47065.0,29323.0,80.77,46.42,38.31,4.35,2478.0,14599.0,0.123,28,Bolivia,BOL,36572764863.0
25,BRA,Brazil,2021-12-28,329861730.0,166062249.0,142965728.0,25758909.0,850365.0,503738.0,154.15,77.6,66.81,12.04,2354.0,72526.0,0.034,29,Brazil,BRA,1444730000000.0
26,BRB,Barbados,2021-12-26,298339.0,155500.0,142839.0,,10.0,151.0,103.7,54.05,49.65,,525.0,37.0,0.013,30,Barbados,BRB,4418000000.0
27,BRN,Brunei,2021-12-14,790506.0,405092.0,385414.0,,3827.0,4049.0,179.04,91.75,87.29,,9170.0,76.0,0.017,31,Brunei Darussalam,BRN,12005825770.0
28,BTN,Bhutan,2021-12-20,1154843.0,589762.0,565081.0,,414.0,50.0,148.08,75.62,72.46,,64.0,19.0,0.002,32,Bhutan,BTN,2315437338.0
29,BWA,Botswana,2021-12-23,2137289.0,1131709.0,1005580.0,,10435.0,1117.0,89.16,47.21,41.95,,466.0,714.0,0.03,33,Botswana,BWA,15061922802.0
30,CAF,Central African Republic,2021-12-15,790782.0,446712.0,344070.0,,12887.0,32183.0,16.07,9.08,6.99,,6541.0,6511.0,0.132,34,Central African Republic,CAF,2380087758.0
31,CAN,Canada,2021-12-28,67258088.0,31656469.0,29366330.0,6235289.0,119521.0,205417.0,176.68,83.16,77.14,16.38,5396.0,16076.0,0.042,35,Canada,CAN,1644040000000.0
32,CHE,Switzerland,2021-12-27,13590563.0,5964075.0,5816710.0,1946997.0,67402.0,49599.0,155.94,68.43,66.74,22.34,5691.0,2323.0,0.027000000000000003,37,Switzerland,CHE,752248000000.0
33,CHL,Chile,2021-12-27,43512540.0,17232371.0,16479441.0,10374380.0,94696.0,59010.0,226.48,89.69,85.78,54.0,3071.0,7737.0,0.04,39,Chile,CHL,252940000000.0
34,CHN,China,2021-12-28,2795716000.0,1225000000.0,1203362000.0,120580000.0,13847000.0,12720000.0,193.58,84.82,83.32,8.35,8808.0,2002548.0,0.139,40,China,CHN,14722700000000.0
35,CIV,Cote d'Ivoire,2021-12-12,4812235.0,3306299.0,1505936.0,,156394.0,40494.0,17.79,12.22,5.57,,1497.0,26568.0,0.098,41,Cote d'Ivoire,CIV,61348579465.0
36,CMR,Cameroon,2021-12-14,986281.0,806176.0,627046.0,,9890.0,1740.0,3.62,2.96,2.3,,64.0,1556.0,0.006,42,Cameroon,CMR,40804449726.0
37,COD,Democratic Republic of Congo,2021-12-28,291286.0,226134.0,105945.0,,,1718.0,0.32,0.24,0.11,,19.0,1612.0,0.002,43,"Congo, Dem. Rep.",COD,48716960860.0
38,COG,Congo,2021-12-15,1295601.0,734721.0,560880.0,,1486.0,87780.0,22.9,12.99,9.91,,15517.0,26949.0,0.476,44,"Congo, Rep.",COG,10187122341.0
39,COL,Colombia,2021-12-26,63753706.0,38140578.0,27874207.0,3000665.0,114016.0,159410.0,124.36,74.4,54.37,5.85,3109.0,39153.0,0.076,45,Colombia,COL,271438000000.0
40,COM,Comoros,2021-12-10,527119.0,282378.0,244741.0,,,322.0,59.33,31.78,27.55,,362.0,36.0,0.004,46,Comoros,COM,1235400352.0
41,CPV,Cape Verde,2021-12-17,571130.0,302802.0,255954.0,,4461.0,2286.0,101.64,53.89,45.55,,4068.0,289.0,0.051,47,Cabo Verde,CPV,1703698677.0
42,CRI,Costa Rica,2021-12-27,7756348.0,3944932.0,3505176.0,306240.0,,29312.0,150.93,76.76,68.21,5.96,5704.0,1671.0,0.033,48,Costa Rica,CRI,61846895121.0
43,CUB,Cuba,2021-12-26,30023092.0,10397970.0,9604132.0,1409376.0,86460.0,93215.0,265.28,91.88,84.86,12.45,8236.0,11631.0,0.103,50,Cuba,CUB,107352000000.0
44,CUW,Curacao,2021-12-28,213366.0,104170.0,96556.0,,2446.0,1308.0,129.47,63.21,58.59,,7937.0,58.0,0.035,51,Curacao,CUW,2595821709.0
45,CYM,Cayman Islands,2021-12-23,130608.0,58591.0,56891.0,,226.0,74.0,196.41,88.11,85.55,,1113.0,7.0,0.011,52,Cayman Islands,CYM,5591623665.0
46,CYP,Cyprus,2021-12-23,1541159.0,664971.0,607884.0,268304.0,9105.0,12411.0,172.0,74.22,67.84,29.94,13851.0,3976.0,0.444,53,Cyprus,CYP,24612646488.0
47,CZE,Czechia,2021-12-28,15335120.0,6810045.0,6633927.0,2294763.0,68928.0,34816.0,142.99,63.5,61.86,21.4,3246.0,2335.0,0.022,54,Czech Republic,CZE,245349000000.0
48,DEU,Germany,2021-12-25,146617900.0,61409129.0,58888401.0,29888598.0,34698.0,627143.0,174.75,73.19,70.19,35.62,7475.0,57210.0,0.068,55,Germany,DEU,3846410000000.0
49,DJI,Djibouti,2021-12-15,135032.0,108945.0,26087.0,,,3818.0,13.47,10.87,2.6,,3810.0,3818.0,0.381,56,Djibouti,DJI,3384385217.0
50,DMA,Dominica,2021-12-22,57044.0,29426.0,27618.0,,270.0,77.0,79.04,40.77,38.27,,1067.0,35.0,0.048,57,Dominica,DMA,504214814.8
51,DNK,Denmark,2021-12-27,11892658.0,4792286.0,4549739.0,2597446.0,108036.0,68404.0,204.58,82.44,78.26,44.68,11767.0,3983.0,0.069,58,Denmark,DNK,356085000000.0
52,DOM,Dominican Republic,2021-12-27,14042660.0,6934218.0,5692235.0,1416207.0,863.0,4633.0,128.2,63.3,51.97,12.93,423.0,1238.0,0.011,59,Dominican Republic,DOM,78844702329.0
53,DZA,Algeria,2021-12-21,12545356.0,7060737.0,5609040.0,25381.0,147230.0,15433.0,28.12,15.83,12.57,0.06,346.0,5837.0,0.013,60,Algeria,DZA,145009000000.0
54,ECU,Ecuador,2021-12-27,27304608.0,14167326.0,12569652.0,1037664.0,91289.0,55289.0,152.64,79.2,70.27,5.8,3091.0,8618.0,0.048,66,Ecuador,ECU,98808010000.0
55,EGY,Egypt,2021-12-24,52819190.0,33098284.0,20627388.0,,729239.0,507100.0,50.66,31.75,19.78,,4864.0,259207.0,0.249,67,"Egypt, Arab Rep.",EGY,365253000000.0
56,ESP,Spain,2021-12-27,85808023.0,39567127.0,37858971.0,13031375.0,364129.0,271271.0,183.57,84.64,80.99,27.88,5803.0,66638.0,0.14300000000000002,70,Spain,ESP,1281480000000.0
57,EST,Estonia,2021-12-28,1515552.0,841035.0,815292.0,,1588.0,825.0,114.37,63.47,61.52,,623.0,400.0,0.03,71,Estonia,EST,30650285472.0
58,ETH,Ethiopia,2021-12-27,10869696.0,9343722.0,1525974.0,,16912.0,31260.0,9.22,7.93,1.29,,265.0,21134.0,0.018000000000000002,72,Ethiopia,ETH,107645000000.0
59,FIN,Finland,2021-12-28,9446063.0,4345684.0,4124118.0,976261.0,9170.0,19375.0,170.25,78.32,74.33,17.6,3492.0,696.0,0.013,75,Finland,FIN,269751000000.0
60,FJI,Fiji,2021-12-20,1267045.0,661452.0,605593.0,,28295.0,1381.0,140.33,73.26,67.07,,1530.0,315.0,0.035,76,Fiji,FJI,4533883782.0
61,FRA,France,2021-12-27,121679573.0,52744304.0,49257657.0,20740215.0,547794.0,407117.0,180.09,78.07,72.9,30.7,6026.0,20182.0,0.03,77,France,FRA,2630320000000.0
62,FRO,Faeroe Islands,2021-12-27,94004.0,41415.0,40474.0,12115.0,69.0,162.0,191.64,84.43,82.51,24.7,3303.0,11.0,0.022,78,Faroe Islands,FRO,
63,GAB,Gabon,2021-12-15,566021.0,392898.0,173123.0,,1486.0,29825.0,24.84,17.24,7.6,,13088.0,27362.0,1.2009999999999998,80,Gabon,GAB,15316826192.0
64,GBR,United Kingdom,2021-12-27,131665127.0,51679435.0,47289628.0,32696064.0,251025.0,449752.0,193.04,75.77,69.33,47.94,6594.0,20230.0,0.03,81,United Kingdom,GBR,2764200000000.0
65,GEO,Georgia,2021-12-28,2495435.0,1355604.0,1139831.0,,13280.0,11530.0,62.7,34.06,28.64,,2897.0,5302.0,0.133,82,Georgia,GEO,15846489611.0
66,GHA,Ghana,2021-12-23,7755231.0,5774413.0,2334010.0,,60270.0,442283.0,24.44,18.2,7.36,,13938.0,390369.0,1.23,83,Ghana,GHA,68532281806.0
67,GIB,Gibraltar,2021-12-22,108149.0,41162.0,40046.0,26941.0,528.0,377.0,321.0,122.18,118.86,79.96,11190.0,9.0,0.027000000000000003,84,Gibraltar,GIB,
68,GIN,Guinea,2021-12-26,2770451.0,1885324.0,885127.0,,34136.0,31448.0,20.53,13.97,6.56,,2330.0,23973.0,0.17800000000000002,85,Guinea,GIN,15681050917.0
69,GMB,Gambia,2021-12-14,276276.0,245081.0,230044.0,,429.0,555.0,11.11,9.85,9.25,,223.0,555.0,0.022,86,"Gambia, The",GMB,1868086275.0
70,GNB,Guinea-Bissau,2021-12-28,413938.0,390794.0,23144.0,,1658.0,260.0,20.54,19.39,1.15,,129.0,218.0,0.011,87,Guinea-Bissau,GNB,1431758243.0
71,GNQ,Equatorial Guinea,2021-12-22,452666.0,249276.0,203390.0,,639.0,299.0,31.22,17.19,14.03,,206.0,19.0,0.001,88,Equatorial Guinea,GNQ,10021856754.0
72,GRC,Greece,2021-12-28,16997869.0,7431369.0,6979152.0,3314982.0,107172.0,68799.0,163.9,71.66,67.3,31.96,6634.0,8178.0,0.079,89,Greece,GRC,188835000000.0
73,GRD,Grenada,2021-12-23,78476.0,41287.0,35457.0,,694.0,340.0,69.44,36.53,31.37,,3008.0,35.0,0.031,90,Grenada,GRD,1042100556.0
74,GRL,Greenland,2021-12-27,78500.0,40447.0,38053.0,,72.0,15.0,138.04,71.12,66.91,,264.0,4.0,0.006999999999999999,91,Greenland,GRL,
75,GTM,Guatemala,2021-12-27,11195184.0,6496038.0,4619695.0,79451.0,50014.0,28334.0,61.34,35.59,25.31,0.44,1553.0,11633.0,0.064,92,Guatemala,GTM,77604632171.0
76,GUY,Guyana,2021-12-23,764898.0,440072.0,314356.0,10470.0,1523.0,8935.0,96.78,55.68,39.78,1.32,11305.0,4700.0,0.595,94,Guyana,GUY,5471256595.0
77,HKG,Hong Kong,2021-12-28,9878448.0,4863263.0,4648817.0,366368.0,22794.0,14168.0,130.79,64.39,61.55,4.85,1876.0,3233.0,0.043,96,"Hong Kong SAR, China",HKG,346586000000.0
78,HND,Honduras,2021-12-22,9188959.0,4941269.0,3952806.0,295259.0,81065.0,8323.0,91.31,49.1,39.28,2.93,827.0,747.0,0.006999999999999999,97,Honduras,HND,23662231634.0
79,HRV,Croatia,2021-12-27,4662872.0,2253137.0,1936734.0,,15512.0,13198.0,114.24,55.2,47.45,,3233.0,1197.0,0.029,99,Croatia,HRV,57203783203.0
80,HTI,Haiti,2021-12-17,194341.0,122580.0,72102.0,,4278.0,779.0,1.68,1.06,0.62,,67.0,362.0,0.003,100,Haiti,HTI,14508218017.0
81,HUN,Hungary,2021-12-28,15074636.0,6257771.0,5973555.0,3161930.0,93527.0,32220.0,156.47,64.95,62.0,32.82,3344.0,2623.0,0.027000000000000003,101,Hungary,HUN,155808000000.0
82,IDN,Indonesia,2021-12-28,269370107.0,157804805.0,111565302.0,,1562465.0,1295368.0,97.47,57.1,40.37,,4687.0,744041.0,0.269,106,Indonesia,IDN,1058420000000.0
83,IMN,Isle of Man,2021-12-28,176561.0,68714.0,65381.0,42466.0,651.0,3186.0,206.72,80.45,76.55,49.72,37302.0,21.0,0.025,108,Isle of Man,IMN,
84,IND,India,2021-12-28,1426069774.0,840095473.0,585974301.0,,7622655.0,5364015.0,102.34,60.29,42.05,,3850.0,1278993.0,0.092,109,India,IND,2660250000000.0
85,IRL,Ireland,2021-12-27,9483918.0,3888361.0,3830750.0,2001608.0,13173.0,49490.0,190.33,78.03,76.88,40.17,9932.0,537.0,0.011,111,Ireland,IRL,425889000000.0
86,IRN,Iran,2021-12-26,116210697.0,59498870.0,51194091.0,3772199.0,171719.0,424394.0,136.67,69.97,60.21,4.44,4991.0,53158.0,0.063,112,"Iran, Islamic Rep.",IRN,203471000000.0
87,IRQ,Iraq,2021-12-27,14140578.0,8482581.0,5639110.0,,9985.0,53475.0,34.34,20.6,13.69,,1299.0,24524.0,0.06,113,Iraq,IRQ,166757000000.0
88,ISL,Iceland,2021-12-28,715062.0,287971.0,283740.0,199406.0,1925.0,700.0,208.25,83.87,82.64,58.07,2039.0,59.0,0.017,114,Iceland,ISL,21718075725.0
89,ISR,Israel,2021-12-28,16655719.0,6536139.0,5901563.0,4218017.0,28205.0,22641.0,179.27,70.35,63.52,45.4,2437.0,8910.0,0.096,115,Israel,ISR,407101000000.0
90,ITA,Italy,2021-12-28,109646086.0,48229182.0,44663239.0,18253942.0,619001.0,384397.0,181.63,79.89,73.99,30.24,6368.0,32306.0,0.054000000000000006,116,Italy,ITA,1888710000000.0
91,JAM,Jamaica,2021-12-28,1199076.0,709671.0,560561.0,3834.0,1.0,1186.0,40.33,23.87,18.85,0.13,399.0,271.0,0.009000000000000001,117,Jamaica,JAM,13812425037.0
92,JOR,Jordan,2021-12-28,8265793.0,4331942.0,3933851.0,,19111.0,13670.0,80.49,42.18,38.31,,1331.0,5927.0,0.058,118,Jordan,JOR,43697659296.0
93,JPN,Japan,2021-12-28,199596362.0,100404891.0,98660175.0,531296.0,255620.0,96085.0,158.35,79.65,78.27,0.42,762.0,25339.0,0.02,119,Japan,JPN,5057760000000.0
94,KAZ,Kazakhstan,2021-12-28,17429286.0,8955943.0,8473343.0,,22069.0,19995.0,91.76,47.15,44.61,,1053.0,6956.0,0.037000000000000005,120,Kazakhstan,KAZ,171082000000.0
95,KEN,Kenya,2021-12-27,9629145.0,6480683.0,3957505.0,,35035.0,79535.0,17.51,11.79,7.2,,1446.0,61852.0,0.112,121,Kenya,KEN,101014000000.0
96,KGZ,Kyrgyzstan,2021-12-28,2243125.0,1225902.0,994171.0,,9880.0,7749.0,33.84,18.49,15.0,,1169.0,3979.0,0.06,122,Kyrgyz Republic,KGZ,7735976273.0
97,KHM,Cambodia,2021-12-28,30336200.0,14253170.0,13645320.0,3490861.0,50560.0,52017.0,179.01,84.11,80.52,20.6,3069.0,2766.0,0.016,123,Cambodia,KHM,25808561551.0
98,KIR,Kiribati,2021-11-30,82167.0,59492.0,22675.0,,,617.0,67.69,49.01,18.68,,5083.0,118.0,0.097,124,Kiribati,KIR,197508774.3
99,KNA,Saint Kitts and Nevis,2021-12-22,54253.0,27523.0,25400.0,1330.0,626.0,59.0,101.32,51.4,47.44,2.48,1102.0,12.0,0.022,125,St. Kitts and Nevis,KNA,980740740.7
100,KOR,South Korea,2021-12-28,101621599.0,44115185.0,42432990.0,16582758.0,676108.0,581954.0,198.07,85.99,82.71,32.32,11343.0,55280.0,0.108,126,"Korea, Rep.",KOR,1637900000000.0
101,KWT,Kuwait,2021-12-28,6942690.0,3334421.0,3216700.0,380911.0,11920.0,18743.0,160.39,77.03,74.31,8.8,4330.0,1077.0,0.025,127,Kuwait,KWT,105960000000.0
102,LAO,Laos,2021-11-23,5830021.0,3744740.0,3099003.0,,13946.0,18536.0,79.0,50.75,42.0,,2512.0,18953.0,0.257,129,Lao PDR,LAO,19132635712.0
103,LBN,Lebanon,2021-12-28,4337358.0,2230709.0,1819090.0,287559.0,38490.0,15081.0,64.08,32.95,26.87,4.25,2228.0,7654.0,0.113,130,Lebanon,LBN,31735217785.0
104,LBR,Liberia,2021-12-15,880313.0,784838.0,755263.0,,8242.0,39207.0,16.99,15.15,14.58,,7569.0,25624.0,0.495,131,Liberia,LBR,3201187800.0
105,LBY,Libya,2021-12-27,2664009.0,1847082.0,816927.0,,48231.0,7469.0,38.28,26.54,11.74,,1073.0,3301.0,0.047,132,Libya,LBY,25418916029.0
106,LCA,Saint Lucia,2021-12-24,104462.0,55518.0,48944.0,,45.0,123.0,56.65,30.11,26.54,,667.0,31.0,0.017,133,St. Lucia,LCA,1616772741.0
107,LIE,Liechtenstein,2021-12-27,62936.0,26141.0,25577.0,12123.0,0.0,147.0,164.52,68.34,66.86,31.69,3843.0,9.0,0.024,137,Liechtenstein,LIE,
108,LKA,Sri Lanka,2021-12-28,33369982.0,15985385.0,13833773.0,3550824.0,166871.0,132358.0,155.23,74.36,64.35,16.52,6157.0,2200.0,0.01,138,Sri Lanka,LKA,80676681934.0
109,LSO,Lesotho,2021-12-16,688097.0,648817.0,641007.0,,,6527.0,31.87,30.05,29.69,,3023.0,2768.0,0.128,141,Lesotho,LSO,1875227642.0
110,LTU,Lithuania,2021-12-28,4083697.0,1913150.0,1827851.0,611805.0,22175.0,11096.0,151.82,71.12,67.95,22.74,4125.0,1021.0,0.038,143,Lithuania,LTU,56546957475.0
111,LUX,Luxembourg,2021-12-26,1045759.0,461651.0,429705.0,183251.0,61.0,4503.0,164.73,72.72,67.69,28.87,7093.0,420.0,0.066,144,Luxembourg,LUX,73353132794.0
112,LVA,Latvia,2021-12-28,2530212.0,1310530.0,1257744.0,240609.0,10186.0,6115.0,135.53,70.2,67.37,12.89,3275.0,790.0,0.042,145,Latvia,LVA,33707320816.0
113,MAC,Macao,2021-12-27,967344.0,492243.0,459583.0,,2656.0,1229.0,146.93,74.76,69.8,,1867.0,197.0,0.03,146,"Macao SAR, China",MAC,25586111076.0
114,MAR,Morocco,2021-12-27,50265580.0,24630172.0,22994609.0,,68921.0,63423.0,134.6,65.95,61.57,,1698.0,4545.0,0.012,148,Morocco,MAR,114725000000.0
115,MCO,Monaco,2021-09-16,49980.0,26672.0,23308.0,,,103.0,126.47,67.49,58.98,,2606.0,32.0,0.081,149,Monaco,MCO,
116,MDA,Moldova,2021-12-28,1764035.0,989897.0,978292.0,,6544.0,5178.0,43.84,24.6,24.31,,1287.0,1953.0,0.049,150,Moldova,MDA,11915547263.0
117,MDG,Madagascar,2021-12-06,742069.0,589003.0,541160.0,,13544.0,8090.0,2.61,2.07,1.9,,285.0,8047.0,0.028,151,Madagascar,MDG,13056079982.0
118,MDV,Maldives,2021-12-26,787873.0,396635.0,367068.0,24170.0,452.0,376.0,144.93,72.96,67.52,4.45,692.0,32.0,0.006,152,Maldives,MDV,3742769967.0
119,MEX,Mexico,2021-12-28,148562902.0,81915015.0,72711671.0,,6744716.0,12318.0,114.05,62.88,55.82,,95.0,155.0,0.0,154,Mexico,MEX,1073920000000.0
120,MKD,North Macedonia,2021-12-19,1741245.0,840411.0,811664.0,89170.0,3869.0,2350.0,83.61,40.35,38.97,4.28,1128.0,514.0,0.025,157,North Macedonia,MKD,12263710123.0
121,MLI,Mali,2021-12-28,1057653.0,877525.0,392809.0,,,5924.0,5.07,4.21,1.88,,284.0,2908.0,0.014,158,Mali,MLI,17465392916.0
122,MLT,Malta,2021-12-27,1043069.0,441288.0,435397.0,198772.0,9536.0,3814.0,202.11,85.5,84.36,38.51,7390.0,401.0,0.078,159,Malta,MLT,14647384608.0
123,MMR,Myanmar,2021-12-11,31859036.0,18829259.0,13029777.0,,3800.0,286479.0,58.13,34.36,23.77,,5227.0,180008.0,0.328,160,Myanmar,MMR,79852046611.0
124,MNE,Montenegro,2021-12-28,628821.0,283166.0,271471.0,74184.0,1348.0,11277.0,100.12,45.09,43.22,11.81,17956.0,202.0,0.032,162,Montenegro,MNE,4769860741.0
125,MNG,Mongolia,2021-12-28,5332165.0,2265849.0,2163214.0,903102.0,6639.0,6110.0,160.16,68.06,64.98,27.13,1835.0,162.0,0.005,163,Mongolia,MNG,13312981595.0
126,MOZ,Mozambique,2021-12-26,14408516.0,8484211.0,5924305.0,,295812.0,200472.0,44.8,26.38,18.42,,6233.0,108505.0,0.337,165,Mozambique,MOZ,14019446610.0
127,MRT,Mauritania,2021-12-26,1843386.0,1119680.0,723706.0,,3777.0,2069.0,38.6,23.45,15.16,,433.0,779.0,0.016,166,Mauritania,MRT,7913680231.0
128,MUS,Mauritius,2021-12-28,2036896.0,947513.0,909900.0,,35153.0,3037.0,159.95,74.41,71.45,,2385.0,2472.0,0.194,167,Mauritius,MUS,10920606198.0
129,MWI,Malawi,2021-12-28,1764634.0,1476496.0,680558.0,,18715.0,12894.0,8.98,7.51,3.46,,656.0,12280.0,0.063,168,Malawi,MWI,12182348213.0
130,MYS,Malaysia,2021-12-28,57112144.0,25985559.0,25596683.0,5727151.0,153228.0,124575.0,174.25,79.28,78.1,17.47,3801.0,2533.0,0.008,169,Malaysia,MYS,337006000000.0
131,NAM,Namibia,2021-12-23,736133.0,399636.0,336497.0,,3837.0,2817.0,28.45,15.45,13.01,,1089.0,1528.0,0.059,171,Namibia,NAM,10619194505.0
132,NCL,New Caledonia,2021-12-20,355717.0,182486.0,173231.0,,,198.0,123.42,63.32,60.1,,687.0,62.0,0.022,172,New Caledonia,NCL,
133,NER,Niger,2021-11-28,971636.0,507223.0,464413.0,,,614.0,3.87,2.02,1.85,,24.0,81.0,0.0,173,Niger,NER,13741378450.0
134,NGA,Nigeria,2021-12-27,14149682.0,9765729.0,4363620.0,,797209.0,168279.0,6.69,4.62,2.06,,796.0,136382.0,0.065,174,Nigeria,NGA,432294000000.0
135,NIC,Nicaragua,2021-12-15,7308467.0,4628897.0,2679570.0,,,67604.0,109.04,69.06,39.98,,10087.0,41522.0,0.62,175,Nicaragua,NIC,12621505383.0
136,NLD,Netherlands,2021-12-18,26595765.0,13307938.0,12198544.0,1956191.0,,122565.0,154.87,77.49,71.03,11.39,7137.0,2172.0,0.013,176,Netherlands,NLD,913865000000.0
137,NOR,Norway,2021-12-27,9662173.0,4280889.0,3914962.0,1466322.0,18658.0,20843.0,176.78,78.32,71.63,26.83,3813.0,812.0,0.015,177,Norway,NOR,362522000000.0
138,NPL,Nepal,2021-12-20,21988516.0,12251183.0,9737333.0,,163026.0,202219.0,74.1,41.28,32.81,,6814.0,129966.0,0.438,178,Nepal,NPL,33657175561.0
139,NRU,Nauru,2021-08-31,14863.0,7612.0,7251.0,,168.0,2.0,136.7,70.01,66.69,,184.0,2.0,0.018000000000000002,179,Nauru,NRU,114626625.6
140,NZL,New Zealand,2021-12-28,8119348.0,3972323.0,3839131.0,307894.0,5127.0,9885.0,158.5,77.55,74.94,6.01,1930.0,613.0,0.012,180,New Zealand,NZL,210701000000.0
141,OMN,Oman,2021-12-19,6046310.0,3121257.0,2890827.0,32412.0,3650.0,15961.0,115.75,59.76,55.34,0.62,3056.0,558.0,0.011,182,Oman,OMN,64648393044.0
142,PAK,Pakistan,2021-12-28,153477237.0,95159489.0,68508472.0,,1526150.0,1344715.0,68.15,42.26,30.42,,5971.0,766768.0,0.34,184,Pakistan,PAK,262610000000.0
143,PAN,Panama,2021-12-28,5801105.0,3024827.0,2462661.0,313617.0,24571.0,8736.0,132.4,69.04,56.2,7.16,1994.0,370.0,0.008,185,Panama,PAN,53977036995.0
144,PER,Peru,2021-12-25,48228055.0,24228683.0,21041985.0,2957387.0,16232.0,171431.0,144.57,72.63,63.08,8.87,5139.0,27612.0,0.083,186,Peru,PER,202014000000.0
145,PHL,Philippines,2021-12-28,107277506.0,56110301.0,48647158.0,1614505.0,986565.0,713604.0,96.61,50.53,43.81,1.45,6426.0,742492.0,0.669,187,Philippines,PHL,361489000000.0
146,PNG,Papua New Guinea,2021-12-20,504018.0,283915.0,220103.0,,,774.0,5.53,3.11,2.41,,85.0,192.0,0.002,189,Papua New Guinea,PNG,24668899683.0
147,POL,Poland,2021-12-28,46549512.0,21589717.0,20984699.0,6560576.0,838.0,95836.0,123.16,57.12,55.52,17.36,2536.0,18746.0,0.05,190,Poland,POL,596624000000.0
148,PRT,Portugal,2021-12-28,19137482.0,9180041.0,9088140.0,2754084.0,82119.0,38971.0,188.21,90.28,89.38,27.09,3833.0,0.0,0.0,194,Portugal,PRT,228539000000.0
149,PRY,Paraguay,2021-12-23,6640918.0,3456659.0,2909472.0,274787.0,10430.0,24964.0,91.98,47.88,40.3,3.81,3458.0,2377.0,0.033,195,Paraguay,PRY,35670301496.0
150,PSE,Palestine,2021-12-20,3315774.0,2053044.0,1478705.0,2779.0,17447.0,9350.0,63.49,39.31,28.31,0.05,1790.0,2352.0,0.045,196,West Bank and Gaza,PSE,15561300000.0
151,PYF,French Polynesia,2021-12-20,329095.0,169995.0,159100.0,,405.0,638.0,116.48,60.17,56.31,,2258.0,418.0,0.14800000000000002,199,French Polynesia,PYF,
152,QAT,Qatar,2021-12-28,5172597.0,2360308.0,2218292.0,,9126.0,6177.0,176.51,80.54,75.7,,2108.0,3261.0,0.111,200,Qatar,QAT,144411000000.0
153,ROU,Romania,2021-12-27,15770552.0,7930488.0,7786593.0,,21249.0,16149.0,82.45,41.46,40.71,,844.0,29541.0,0.154,201,Romania,ROU,248716000000.0
154,RUS,Russia,2021-12-28,144418725.0,73066936.0,65843137.0,6952001.0,550042.0,342483.0,98.98,50.08,45.13,4.76,2347.0,111504.0,0.076,202,Russian Federation,RUS,1483500000000.0
155,RWA,Rwanda,2021-12-23,12316233.0,7322935.0,4938137.0,,211071.0,160767.0,92.77,55.16,37.19,,12109.0,59393.0,0.447,203,Rwanda,RWA,10333991456.0
156,SAU,Saudi Arabia,2021-12-28,50215461.0,24986423.0,23125154.0,2103884.0,261708.0,224299.0,142.09,70.7,65.43,5.95,6347.0,12653.0,0.036000000000000004,205,Saudi Arabia,SAU,700118000000.0
157,SDN,Sudan,2021-12-15,5251235.0,4016849.0,1234386.0,,6534.0,282083.0,11.69,8.94,2.75,,6281.0,176341.0,0.393,206,Sudan,SDN,21329109522.0
158,SEN,Senegal,2021-12-15,2269383.0,1328153.0,941230.0,,7129.0,29174.0,13.2,7.72,5.47,,1697.0,0.0,0.0,207,Senegal,SEN,24644234595.0
159,SGP,Singapore,2021-12-18,9543800.0,4799168.0,4744632.0,622452.0,22439.0,3636.0,175.0,88.0,87.0,11.41,667.0,3636.0,0.067,208,Singapore,SGP,339998000000.0
160,SLB,Solomon Islands,2021-12-20,235918.0,179973.0,55945.0,,,1001.0,33.51,25.56,7.95,,1422.0,483.0,0.069,209,Solomon Islands,SLB,1545888426.0
161,SLE,Sierra Leone,2021-12-08,923880.0,747044.0,385232.0,,1928.0,4596.0,11.35,9.18,4.73,,565.0,3651.0,0.045,210,Sierra Leone,SLE,4063289450.0
162,SLV,El Salvador,2021-12-22,9553791.0,4476802.0,4146488.0,930501.0,25117.0,15894.0,146.56,68.68,63.61,14.27,2438.0,2030.0,0.031,211,El Salvador,SLV,24638720000.0
163,SMR,San Marino,2021-12-19,53942.0,24306.0,21625.0,,9.0,271.0,158.61,71.47,63.58,,7968.0,3.0,0.009000000000000001,212,San Marino,SMR,
164,SOM,Somalia,2021-12-26,1504914.0,1203131.0,810010.0,,17966.0,22239.0,9.2,7.35,4.95,,1359.0,18905.0,0.116,213,Somalia,SOM,4988441440.0
165,SRB,Serbia,2021-12-26,8218178.0,3306626.0,3202009.0,1709543.0,13844.0,9426.0,119.6,48.12,46.6,24.88,1372.0,1145.0,0.017,214,Serbia,SRB,53335016425.0
166,SSD,South Sudan,2021-12-15,268640.0,227262.0,181577.0,,4158.0,1243.0,2.36,2.0,1.6,,109.0,876.0,0.008,216,South Sudan,SSD,
167,STP,Sao Tome and Principe,2021-12-13,137612.0,86396.0,51216.0,,,848.0,61.61,38.68,22.93,,3796.0,175.0,0.078,219,Sao Tome and Principe,STP,472914469.9
168,SUR,Suriname,2021-12-27,488364.0,261122.0,227242.0,,495.0,193.0,82.52,44.12,38.4,,326.0,55.0,0.009000000000000001,220,Suriname,SUR,2884248048.0
169,SVK,Slovakia,2021-12-28,6044295.0,2714923.0,2420662.0,908710.0,18.0,9559.0,110.69,49.72,44.33,16.64,1750.0,678.0,0.012,221,Slovak Republic,SVK,105173000000.0
170,SVN,Slovenia,2021-12-28,2894044.0,1249041.0,1188463.0,456540.0,7395.0,7817.0,139.22,60.09,57.17,21.96,3760.0,613.0,0.029,222,Slovenia,SVN,53589609581.0
171,SWE,Sweden,2021-12-28,17517091.0,7746286.0,7370712.0,2399970.0,109728.0,33377.0,172.41,76.24,72.55,23.62,3285.0,2902.0,0.029,223,Sweden,SWE,541220000000.0
172,SWZ,Eswatini,2021-12-28,399616.0,334088.0,301243.0,,7504.0,904.0,34.09,28.5,25.7,,771.0,449.0,0.038,224,Eswatini,SWZ,3972728948.0
173,SXM,Sint Maarten (Dutch part),2021-12-23,52304.0,27141.0,25163.0,,,19.0,120.46,62.51,57.95,,438.0,9.0,0.021,225,Sint Maarten (Dutch part),SXM,
174,SYC,Seychelles,2021-12-28,183472.0,82348.0,78263.0,,1315.0,13.0,185.49,83.26,79.13,,131.0,2.0,0.002,226,Seychelles,SYC,1059886364.0
175,SYR,Syria,2021-12-21,1753522.0,1194896.0,781603.0,,,21547.0,9.59,6.54,4.28,,1179.0,19946.0,0.109,227,Syrian Arab Republic,SYR,
176,TCA,Turks and Caicos Islands,2021-11-05,56343.0,29210.0,27133.0,,,69.0,143.64,74.47,69.17,,1759.0,32.0,0.08199999999999999,228,Turks and Caicos Islands,TCA,924583000.0
177,TCD,Chad,2021-12-15,366585.0,285922.0,80663.0,,,12413.0,2.17,1.69,0.48,,734.0,12073.0,0.071,229,Chad,TCD,10829076802.0
178,TGO,Togo,2021-12-24,2377399.0,1380216.0,997183.0,,,11786.0,28.04,16.28,11.76,,1390.0,1936.0,0.023,232,Togo,TGO,7574636979.0
179,THA,Thailand,2021-12-27,102681943.0,51032649.0,45423045.0,6226249.0,521693.0,374147.0,146.79,72.96,64.94,8.9,5349.0,66022.0,0.094,233,Thailand,THA,501644000000.0
180,TJK,Tajikistan,2021-12-19,6287345.0,3520397.0,2766948.0,,113265.0,41165.0,64.49,36.11,28.38,,4222.0,28728.0,0.295,234,Tajikistan,TJK,8194150302.0
181,TKM,Turkmenistan,2021-08-29,7580976.0,4374694.0,3206282.0,,,41369.0,123.91,71.51,52.41,,6762.0,23860.0,0.39,235,Turkmenistan,TKM,
182,TLS,Timor,2021-12-21,1195990.0,662963.0,533027.0,,7881.0,3856.0,89.0,49.33,39.66,,2869.0,762.0,0.057,237,Timor-Leste,TLS,1902156800.0
183,TON,Tonga,2021-12-20,130236.0,73609.0,56627.0,,,764.0,121.99,68.95,53.04,,7156.0,22.0,0.021,239,Tonga,TON,488829964.1
184,TTO,Trinidad and Tobago,2021-12-28,1391155.0,707398.0,664699.0,66979.0,0.0,1700.0,99.13,50.41,47.36,4.77,1211.0,402.0,0.029,242,Trinidad and Tobago,TTO,21588037505.0
185,TUN,Tunisia,2021-12-27,11917120.0,6754144.0,5798130.0,813686.0,45811.0,76023.0,99.84,56.59,48.58,6.82,6369.0,43335.0,0.363,243,Tunisia,TUN,41620349986.0
186,TUR,Turkey,2021-12-28,129972508.0,56845477.0,51487225.0,21639806.0,639663.0,601577.0,152.83,66.84,60.54,25.45,7074.0,19582.0,0.023,244,Turkey,TUR,719955000000.0
187,TUV,Tuvalu,2021-10-22,12114.0,6230.0,5884.0,,,30.0,101.58,52.24,49.34,,2516.0,0.0,0.0,245,Tuvalu,TUV,48855550.2
188,TZA,Tanzania,2021-12-28,2431769.0,2079930.0,1359225.0,,,33284.0,3.95,3.38,2.21,,541.0,22138.0,0.036000000000000004,246,Tanzania,TZA,62409709111.0
189,UGA,Uganda,2021-12-20,9763030.0,8354808.0,1408222.0,,134275.0,177260.0,20.72,17.73,2.99,,3762.0,166312.0,0.353,247,Uganda,UGA,37600368181.0
190,UKR,Ukraine,2021-12-28,28181762.0,14639496.0,13562946.0,,129437.0,82696.0,64.84,33.68,31.2,,1903.0,25436.0,0.059,248,Ukraine,UKR,155499000000.0
191,URY,Uruguay,2021-12-28,6947573.0,2766812.0,2674166.0,1506595.0,4264.0,3527.0,199.35,79.39,76.73,43.23,1012.0,303.0,0.009000000000000001,250,Uruguay,URY,53628827440.0
192,USA,United States,2021-12-28,505013980.0,242813374.0,203832941.0,67165461.0,3.0,518623.0,152.11,73.13,61.39,20.23,1562.0,140411.0,0.042,251,United States,USA,20893700000000.0
193,UZB,Uzbekistan,2021-12-28,38681611.0,18757677.0,11102403.0,,179801.0,162159.0,113.98,55.27,32.72,,4778.0,28804.0,0.085,252,Uzbekistan,UZB,59929951114.0
194,VCT,Saint Vincent and the Grenadines,2021-12-17,60367.0,33316.0,25709.0,,665.0,439.0,54.25,29.94,23.11,,3945.0,173.0,0.155,253,St. Vincent and the Grenadines,VCT,807474074.1
195,VEN,Venezuela,2021-12-17,30049714.0,18393519.0,11608305.0,,,207518.0,104.68,64.08,40.44,,7229.0,109880.0,0.383,254,"Venezuela, RB",VEN,
196,VGB,British Virgin Islands,2021-12-23,35799.0,18432.0,17005.0,,,83.0,117.67,60.59,55.9,,2728.0,11.0,0.036000000000000004,255,British Virgin Islands,VGB,
197,VNM,Vietnam,2021-12-26,146335052.0,77138616.0,56385381.0,,739617.0,944701.0,149.06,78.58,57.44,,9623.0,177828.0,0.181,257,Vietnam,VNM,271158000000.0
198,VUT,Vanuatu,2021-12-20,152711.0,102308.0,50403.0,,,729.0,48.56,32.53,16.03,,2318.0,292.0,0.093,258,Vanuatu,VUT,881547928.6
199,WSM,Samoa,2021-12-20,263189.0,141424.0,121765.0,,,42.0,131.5,70.66,60.84,,210.0,10.0,0.005,260,Samoa,WSM,807100820.6
200,YEM,Yemen,2021-12-02,786027.0,556652.0,366587.0,,,2545.0,2.58,1.83,1.2,,83.0,1809.0,0.006,262,"Yemen, Rep.",YEM,
201,ZAF,South Africa,2021-12-27,27798057.0,18848374.0,15766591.0,,3161.0,30046.0,46.3,31.39,26.26,,500.0,18155.0,0.03,263,South Africa,ZAF,335442000000.0
202,ZMB,Zambia,2021-12-25,1597020.0,806611.0,1097097.0,,22571.0,27138.0,8.44,4.26,5.8,,1434.0,7624.0,0.04,264,Zambia,ZMB,18110631358.0
203,ZWE,Zimbabwe,2021-12-27,7218438.0,4105296.0,3113142.0,,3798.0,11918.0,47.83,27.2,20.63,,790.0,6425.0,0.043,265,Zimbabwe,ZWE,18051170799.0
