iso_code,location,date,total_vaccinations,people_vaccinated,people_fully_vaccinated,total_boosters,daily_vaccinations_raw,daily_vaccinations,total_vaccinations_per_hundred,people_vaccinated_per_hundred,people_fully_vaccinated_per_hundred,total_boosters_per_hundred,daily_vaccinations_per_million,daily_people_vaccinated,daily_people_vaccinated_per_hundred
ABW,Aruba,2021-12-28,163537.0,84624.0,78913.0,,93.0,60.0,152.56,78.94,73.62,,560.0,34.0,0.032
AFG,Afghanistan,2021-11-27,5228706.0,4397449.0,3566192.0,,4015.0,15991.0,13.13,11.04,8.95,,401.0,16001.0,0.04
AGO,Angola,2021-12-23,11164918.0,7423668.0,3741250.0,,,44955.0,32.9,21.88,11.03,,1325.0,22178.0,0.065
AIA,Anguilla,2021-12-08,20284.0,10079.0,9223.0,982.0,1421.0,53.0,134.11,66.64,60.98,6.49,3504.0,6.0,0.04
ALB,Albania,2021-12-23,2286235.0,1131547.0,1018549.0,136139.0,9865.0,7389.0,79.58,39.39,35.45,4.74,2572.0,2487.0,0.087
AND,Andorra,2021-12-12,115709.0,56628.0,50551.0,8530.0,1973.0,1326.0,149.58,73.21,65.35,11.03,17142.0,76.0,0.098
ARE,United Arab Emirates,2021-12-24,22406584.0,9890348.0,9059559.0,3456677.0,29515.0,22862.0,224.27,98.99,90.68,34.6,2288.0,307.0,0.003
ARG,Argentina,2021-12-28,75644660.0,38036381.0,32414222.0,5020870.0,858958.0,252694.0,165.87,83.4,71.07,11.01,5541.0,48152.0,0.106
ARM,Armenia,2021-12-26,1626738.0,934028.0,692082.0,628.0,,11444.0,54.81,31.47,23.32,0.02,3856.0,4338.0,0.146
ATG,Antigua and Barbuda,2021-12-19,120657.0,62154.0,58503.0,,432.0,94.0,122.21,62.95,59.26,,952.0,26.0,0.026000000000000002
AUS,Australia,2021-12-28,42272089.0,20417817.0,19709450.0,2144822.0,37087.0,88519.0,163.92,79.17,76.43,8.32,3433.0,7716.0,0.03
AUT,Austria,2021-12-28,16323415.0,6602962.0,6443122.0,3620635.0,51862.0,36056.0,180.51,73.02,71.25,40.04,3987.0,3634.0,0.04
AZE,Azerbaijan,2021-12-28,11255847.0,5161039.0,4666161.0,1428647.0,31242.0,22647.0,110.1,50.48,45.64,13.97,2215.0,2338.0,0.023
BDI,Burundi,2021-12-23,7543.0,4010.0,3533.0,,47.0,182.0,0.06,0.03,0.03,,15.0,0.0,0.0
BEL,Belgium,2021-12-28,21451272.0,8905193.0,8794535.0,4175345.0,51630.0,63109.0,184.41,76.56,75.6,35.89,5425.0,1209.0,0.01
BEN,Benin,2021-12-27,1773592.0,1699784.0,1319264.0,,,23970.0,14.24,13.65,10.6,,1925.0,22919.0,0.184
BES,Bonaire Sint Eustatius and Saba,2021-09-01,35845.0,19109.0,16736.0,,,196.0,135.55,72.26,63.29,,7412.0,92.0,0.348
BFA,Burkina Faso,2021-12-22,1053330.0,972376.0,649320.0,,,39484.0,4.9,4.52,3.02,,1837.0,75658.0,0.35200000000000004
BGD,Bangladesh,2021-12-17,132282376.0,87546674.0,44735702.0,,570616.0,728418.0,79.54,52.64,26.9,,4380.0,288712.0,0.174
BGR,Bulgaria,2021-12-28,3662560.0,1904143.0,1900536.0,255636.0,3866.0,5823.0,53.11,27.61,27.56,3.71,844.0,5601.0,0.081
BHR,Bahrain,2021-12-28,3204347.0,1201721.0,1176171.0,826455.0,9267.0,9678.0,183.28,68.74,67.28,47.27,5536.0,663.0,0.038
BHS,Bahamas,2021-12-23,300214.0,157041.0,147365.0,6954.0,6771.0,994.0,75.64,39.57,37.13,1.75,2504.0,303.0,0.076
BIH,Bosnia and Herzegovina,2021-11-30,1553874.0,882641.0,720631.0,22572.0,66884.0,13791.0,47.61,27.05,22.08,0.69,4226.0,1900.0,0.057999999999999996
BLR,Belarus,2021-12-19,7708200.0,4356041.0,3228165.0,114146.0,,70068.0,81.63,46.13,34.19,1.21,7420.0,41685.0,0.441
BLZ,Belize,2021-12-23,424634.0,230125.0,199119.0,,5470.0,547.0,104.87,56.83,49.18,,1351.0,71.0,0.018000000000000002
BMU,Bermuda,2021-12-17,110329.0,46194.0,45213.0,18922.0,,544.0,177.69,74.4,72.82,30.47,8761.0,20.0,0.032
BOL,Bolivia,2021-12-27,9556929.0,5492333.0,4533537.0,514570.0,47065.0,29323.0,80.77,46.42,38.31,4.35,2478.0,14599.0,0.12300000000000001
BRA,Brazil,2021-12-28,329861730.0,166062249.0,142965728.0,25758909.0,850365.0,503738.0,154.15,77.6,66.81,12.04,2354.0,72526.0,0.034
BRB,Barbados,2021-12-26,298339.0,155500.0,142839.0,,10.0,151.0,103.7,54.05,49.65,,525.0,37.0,0.013000000000000001
BRN,Brunei,2021-12-14,790506.0,405092.0,385414.0,,3827.0,4049.0,179.04,91.75,87.29,,9170.0,76.0,0.017
BTN,Bhutan,2021-12-20,1154843.0,589762.0,565081.0,,414.0,50.0,148.08,75.62,72.46,,64.0,19.0,0.002
BWA,Botswana,2021-12-23,2137289.0,1131709.0,1005580.0,,10435.0,1117.0,89.16,47.21,41.95,,466.0,714.0,0.03
CAF,Central African Republic,2021-12-15,790782.0,446712.0,344070.0,,12887.0,32183.0,16.07,9.08,6.99,,6541.0,6511.0,0.132
CAN,Canada,2021-12-28,67258088.0,31656469.0,29366330.0,6235289.0,119521.0,205417.0,176.68,83.16,77.14,16.38,5396.0,16076.0,0.042
CHE,Switzerland,2021-12-27,13590563.0,5964075.0,5816710.0,1946997.0,67402.0,49599.0,155.94,68.43,66.74,22.34,5691.0,2323.0,0.027000000000000003
CHL,Chile,2021-12-27,43512540.0,17232371.0,16479441.0,10374380.0,94696.0,59010.0,226.48,89.69,85.78,54.0,3071.0,7737.0,0.04
CHN,China,2021-12-28,2795716000.0,1225000000.0,1203362000.0,120580000.0,13847000.0,12720000.0,193.58,84.82,83.32,8.35,8808.0,2002548.0,0.139
CIV,Cote d'Ivoire,2021-12-12,4812235.0,3306299.0,1505936.0,,156394.0,40494.0,17.79,12.22,5.57,,1497.0,26568.0,0.098
CMR,Cameroon,2021-12-14,986281.0,806176.0,627046.0,,9890.0,1740.0,3.62,2.96,2.3,,64.0,1556.0,0.006
COD,Democratic Republic of Congo,2021-12-28,291286.0,226134.0,105945.0,,,1718.0,0.32,0.24,0.11,,19.0,1612.0,0.002
COG,Congo,2021-12-15,1295601.0,734721.0,560880.0,,1486.0,87780.0,22.9,12.99,9.91,,15517.0,26949.0,0.47600000000000003
COK,Cook Islands,2021-12-20,25339.0,12841.0,12498.0,,,24.0,144.2,73.08,71.12,,1366.0,6.0,0.034
COL,Colombia,2021-12-26,63753706.0,38140578.0,27874207.0,3000665.0,114016.0,159410.0,124.36,74.4,54.37,5.85,3109.0,39153.0,0.076
COM,Comoros,2021-12-10,527119.0,282378.0,244741.0,,,322.0,59.33,31.78,27.55,,362.0,36.0,0.004
CPV,Cape Verde,2021-12-17,571130.0,302802.0,255954.0,,4461.0,2286.0,101.64,53.89,45.55,,4068.0,289.0,0.051
CRI,Costa Rica,2021-12-27,7756348.0,3944932.0,3505176.0,306240.0,,29312.0,150.93,76.76,68.21,5.96,5704.0,1671.0,0.033
CUB,Cuba,2021-12-26,30023092.0,10397970.0,9604132.0,1409376.0,86460.0,93215.0,265.28,91.88,84.86,12.45,8236.0,11631.0,0.10300000000000001
CUW,Curacao,2021-12-28,213366.0,104170.0,96556.0,,2446.0,1308.0,129.47,63.21,58.59,,7937.0,58.0,0.035
CYM,Cayman Islands,2021-12-23,130608.0,58591.0,56891.0,,226.0,74.0,196.41,88.11,85.55,,1113.0,7.0,0.011000000000000001
CYP,Cyprus,2021-12-23,1541159.0,664971.0,607884.0,268304.0,9105.0,12411.0,172.0,74.22,67.84,29.94,13851.0,3976.0,0.444
CZE,Czechia,2021-12-28,15335120.0,6810045.0,6633927.0,2294763.0,68928.0,34816.0,142.99,63.5,61.86,21.4,3246.0,2335.0,0.022000000000000002
DEU,Germany,2021-12-25,146617900.0,61409129.0,58888401.0,29888598.0,34698.0,627143.0,174.75,73.19,70.19,35.62,7475.0,57210.0,0.068
DJI,Djibouti,2021-12-15,135032.0,108945.0,26087.0,,,3818.0,13.47,10.87,2.6,,3810.0,3818.0,0.381
DMA,Dominica,2021-12-22,57044.0,29426.0,27618.0,,270.0,77.0,79.04,40.77,38.27,,1067.0,35.0,0.048
DNK,Denmark,2021-12-27,11892658.0,4792286.0,4549739.0,2597446.0,108036.0,68404.0,204.58,82.44,78.26,44.68,11767.0,3983.0,0.069
DOM,Dominican Republic,2021-12-27,14042660.0,6934218.0,5692235.0,1416207.0,863.0,4633.0,128.2,63.3,51.97,12.93,423.0,1238.0,0.011000000000000001
DZA,Algeria,2021-12-21,12545356.0,7060737.0,5609040.0,25381.0,147230.0,15433.0,28.12,15.83,12.57,0.06,346.0,5837.0,0.013000000000000001
ECU,Ecuador,2021-12-27,27304608.0,14167326.0,12569652.0,1037664.0,91289.0,55289.0,152.64,79.2,70.27,5.8,3091.0,8618.0,0.048
EGY,Egypt,2021-12-24,52819190.0,33098284.0,20627388.0,,729239.0,507100.0,50.66,31.75,19.78,,4864.0,259207.0,0.249
ESP,Spain,2021-12-27,85808023.0,39567127.0,37858971.0,13031375.0,364129.0,271271.0,183.57,84.64,80.99,27.88,5803.0,66638.0,0.14300000000000002
EST,Estonia,2021-12-28,1515552.0,841035.0,815292.0,,1588.0,825.0,114.37,63.47,61.52,,623.0,400.0,0.03
ETH,Ethiopia,2021-12-27,10869696.0,9343722.0,1525974.0,,16912.0,31260.0,9.22,7.93,1.29,,265.0,21134.0,0.018000000000000002
FIN,Finland,2021-12-28,9446063.0,4345684.0,4124118.0,976261.0,9170.0,19375.0,170.25,78.32,74.33,17.6,3492.0,696.0,0.013000000000000001
FJI,Fiji,2021-12-20,1267045.0,661452.0,605593.0,,28295.0,1381.0,140.33,73.26,67.07,,1530.0,315.0,0.035
FLK,Falkland Islands,2021-04-14,4407.0,2632.0,1775.0,,,12.0,124.91,74.6,50.31,,3401.0,4.0,0.113
FRA,France,2021-12-27,121679573.0,52744304.0,49257657.0,20740215.0,547794.0,407117.0,180.09,78.07,72.9,30.7,6026.0,20182.0,0.03
FRO,Faeroe Islands,2021-12-27,94004.0,41415.0,40474.0,12115.0,69.0,162.0,191.64,84.43,82.51,24.7,3303.0,11.0,0.022000000000000002
GAB,Gabon,2021-12-15,566021.0,392898.0,173123.0,,1486.0,29825.0,24.84,17.24,7.6,,13088.0,27362.0,1.2009999999999998
GBR,United Kingdom,2021-12-27,131665127.0,51679435.0,47289628.0,32696064.0,251025.0,449752.0,193.04,75.77,69.33,47.94,6594.0,20230.0,0.03
GEO,Georgia,2021-12-28,2495435.0,1355604.0,1139831.0,,13280.0,11530.0,62.7,34.06,28.64,,2897.0,5302.0,0.133
GGY,Guernsey,2021-12-14,106109.0,32969.0,13618.0,,288.0,239.0,167.4,52.01,21.48,,3771.0,298.0,0.47
GHA,Ghana,2021-12-23,7755231.0,5774413.0,2334010.0,,60270.0,442283.0,24.44,18.2,7.36,,13938.0,390369.0,1.23
GIB,Gibraltar,2021-12-22,108149.0,41162.0,40046.0,26941.0,528.0,377.0,321.0,122.18,118.86,79.96,11190.0,9.0,0.027000000000000003
GIN,Guinea,2021-12-26,2770451.0,1885324.0,885127.0,,34136.0,31448.0,20.53,13.97,6.56,,2330.0,23973.0,0.17800000000000002
GMB,Gambia,2021-12-14,276276.0,245081.0,230044.0,,429.0,555.0,11.11,9.85,9.25,,223.0,555.0,0.022000000000000002
GNB,Guinea-Bissau,2021-12-28,413938.0,390794.0,23144.0,,1658.0,260.0,20.54,19.39,1.15,,129.0,218.0,0.011000000000000001
GNQ,Equatorial Guinea,2021-12-22,452666.0,249276.0,203390.0,,639.0,299.0,31.22,17.19,14.03,,206.0,19.0,0.001
GRC,Greece,2021-12-28,16997869.0,7431369.0,6979152.0,3314982.0,107172.0,68799.0,163.9,71.66,67.3,31.96,6634.0,8178.0,0.079
GRD,Grenada,2021-12-23,78476.0,41287.0,35457.0,,694.0,340.0,69.44,36.53,31.37,,3008.0,35.0,0.031
GRL,Greenland,2021-12-27,78500.0,40447.0,38053.0,,72.0,15.0,138.04,71.12,66.91,,264.0,4.0,0.006999999999999999
GTM,Guatemala,2021-12-27,11195184.0,6496038.0,4619695.0,79451.0,50014.0,28334.0,61.34,35.59,25.31,0.44,1553.0,11633.0,0.064
GUY,Guyana,2021-12-23,764898.0,440072.0,314356.0,10470.0,1523.0,8935.0,96.78,55.68,39.78,1.32,11305.0,4700.0,0.595
HKG,Hong Kong,2021-12-28,9878448.0,4863263.0,4648817.0,366368.0,22794.0,14168.0,130.79,64.39,61.55,4.85,1876.0,3233.0,0.043
HND,Honduras,2021-12-22,9188959.0,4941269.0,3952806.0,295259.0,81065.0,8323.0,91.31,49.1,39.28,2.93,827.0,747.0,0.006999999999999999
HRV,Croatia,2021-12-27,4662872.0,2253137.0,1936734.0,,15512.0,13198.0,114.24,55.2,47.45,,3233.0,1197.0,0.028999999999999998
HTI,Haiti,2021-12-17,194341.0,122580.0,72102.0,,4278.0,779.0,1.68,1.06,0.62,,67.0,362.0,0.003
HUN,Hungary,2021-12-28,15074636.0,6257771.0,5973555.0,3161930.0,93527.0,32220.0,156.47,64.95,62.0,32.82,3344.0,2623.0,0.027000000000000003
IDN,Indonesia,2021-12-28,269370107.0,157804805.0,111565302.0,,1562465.0,1295368.0,97.47,57.1,40.37,,4687.0,744041.0,0.26899999999999996
IMN,Isle of Man,2021-12-28,176561.0,68714.0,65381.0,42466.0,651.0,3186.0,206.72,80.45,76.55,49.72,37302.0,21.0,0.025
IND,India,2021-12-28,1426069774.0,840095473.0,585974301.0,,7622655.0,5364015.0,102.34,60.29,42.05,,3850.0,1278993.0,0.092
IRL,Ireland,2021-12-27,9483918.0,3888361.0,3830750.0,2001608.0,13173.0,49490.0,190.33,78.03,76.88,40.17,9932.0,537.0,0.011000000000000001
IRN,Iran,2021-12-26,116210697.0,59498870.0,51194091.0,3772199.0,171719.0,424394.0,136.67,69.97,60.21,4.44,4991.0,53158.0,0.063
IRQ,Iraq,2021-12-27,14140578.0,8482581.0,5639110.0,,9985.0,53475.0,34.34,20.6,13.69,,1299.0,24524.0,0.06
ISL,Iceland,2021-12-28,715062.0,287971.0,283740.0,199406.0,1925.0,700.0,208.25,83.87,82.64,58.07,2039.0,59.0,0.017
ISR,Israel,2021-12-28,16655719.0,6536139.0,5901563.0,4218017.0,28205.0,22641.0,179.27,70.35,63.52,45.4,2437.0,8910.0,0.096
ITA,Italy,2021-12-28,109646086.0,48229182.0,44663239.0,18253942.0,619001.0,384397.0,181.63,79.89,73.99,30.24,6368.0,32306.0,0.054000000000000006
JAM,Jamaica,2021-12-28,1199076.0,709671.0,560561.0,3834.0,1.0,1186.0,40.33,23.87,18.85,0.13,399.0,271.0,0.009000000000000001
JEY,Jersey,2021-12-19,202739.0,80892.0,76464.0,,,839.0,200.59,80.03,75.65,,8301.0,41.0,0.040999999999999995
JOR,Jordan,2021-12-28,8265793.0,4331942.0,3933851.0,,19111.0,13670.0,80.49,42.18,38.31,,1331.0,5927.0,0.057999999999999996
JPN,Japan,2021-12-28,199596362.0,100404891.0,98660175.0,531296.0,255620.0,96085.0,158.35,79.65,78.27,0.42,762.0,25339.0,0.02
KAZ,Kazakhstan,2021-12-28,17429286.0,8955943.0,8473343.0,,22069.0,19995.0,91.76,47.15,44.61,,1053.0,6956.0,0.037000000000000005
KEN,Kenya,2021-12-27,9629145.0,6480683.0,3957505.0,,35035.0,79535.0,17.51,11.79,7.2,,1446.0,61852.0,0.11199999999999999
KGZ,Kyrgyzstan,2021-12-28,2243125.0,1225902.0,994171.0,,9880.0,7749.0,33.84,18.49,15.0,,1169.0,3979.0,0.06
KHM,Cambodia,2021-12-28,30336200.0,14253170.0,13645320.0,3490861.0,50560.0,52017.0,179.01,84.11,80.52,20.6,3069.0,2766.0,0.016
KIR,Kiribati,2021-11-30,82167.0,59492.0,22675.0,,,617.0,67.69,49.01,18.68,,5083.0,118.0,0.09699999999999999
KNA,Saint Kitts and Nevis,2021-12-22,54253.0,27523.0,25400.0,1330.0,626.0,59.0,101.32,51.4,47.44,2.48,1102.0,12.0,0.022000000000000002
KOR,South Korea,2021-12-28,101621599.0,44115185.0,42432990.0,16582758.0,676108.0,581954.0,198.07,85.99,82.71,32.32,11343.0,55280.0,0.10800000000000001
KWT,Kuwait,2021-12-28,6942690.0,3334421.0,3216700.0,380911.0,11920.0,18743.0,160.39,77.03,74.31,8.8,4330.0,1077.0,0.025
LAO,Laos,2021-11-23,5830021.0,3744740.0,3099003.0,,13946.0,18536.0,79.0,50.75,42.0,,2512.0,18953.0,0.257
LBN,Lebanon,2021-12-28,4337358.0,2230709.0,1819090.0,287559.0,38490.0,15081.0,64.08,32.95,26.87,4.25,2228.0,7654.0,0.113
LBR,Liberia,2021-12-15,880313.0,784838.0,755263.0,,8242.0,39207.0,16.99,15.15,14.58,,7569.0,25624.0,0.495
LBY,Libya,2021-12-27,2664009.0,1847082.0,816927.0,,48231.0,7469.0,38.28,26.54,11.74,,1073.0,3301.0,0.047
LCA,Saint Lucia,2021-12-24,104462.0,55518.0,48944.0,,45.0,123.0,56.65,30.11,26.54,,667.0,31.0,0.017
LIE,Liechtenstein,2021-12-27,62936.0,26141.0,25577.0,12123.0,0.0,147.0,164.52,68.34,66.86,31.69,3843.0,9.0,0.024
LKA,Sri Lanka,2021-12-28,33369982.0,15985385.0,13833773.0,3550824.0,166871.0,132358.0,155.23,74.36,64.35,16.52,6157.0,2200.0,0.01
LSO,Lesotho,2021-12-16,688097.0,648817.0,641007.0,,,6527.0,31.87,30.05,29.69,,3023.0,2768.0,0.128
LTU,Lithuania,2021-12-28,4083697.0,1913150.0,1827851.0,611805.0,22175.0,11096.0,151.82,71.12,67.95,22.74,4125.0,1021.0,0.038
LUX,Luxembourg,2021-12-26,1045759.0,461651.0,429705.0,183251.0,61.0,4503.0,164.73,72.72,67.69,28.87,7093.0,420.0,0.066
LVA,Latvia,2021-12-28,2530212.0,1310530.0,1257744.0,240609.0,10186.0,6115.0,135.53,70.2,67.37,12.89,3275.0,790.0,0.042
MAC,Macao,2021-12-27,967344.0,492243.0,459583.0,,2656.0,1229.0,146.93,74.76,69.8,,1867.0,197.0,0.03
MAR,Morocco,2021-12-27,50265580.0,24630172.0,22994609.0,,68921.0,63423.0,134.6,65.95,61.57,,1698.0,4545.0,0.012
MCO,Monaco,2021-09-16,49980.0,26672.0,23308.0,,,103.0,126.47,67.49,58.98,,2606.0,32.0,0.081
MDA,Moldova,2021-12-28,1764035.0,989897.0,978292.0,,6544.0,5178.0,43.84,24.6,24.31,,1287.0,1953.0,0.049
MDG,Madagascar,2021-12-06,742069.0,589003.0,541160.0,,13544.0,8090.0,2.61,2.07,1.9,,285.0,8047.0,0.027999999999999997
MDV,Maldives,2021-12-26,787873.0,396635.0,367068.0,24170.0,452.0,376.0,144.93,72.96,67.52,4.45,692.0,32.0,0.006
MEX,Mexico,2021-12-28,148562902.0,81915015.0,72711671.0,,6744716.0,12318.0,114.05,62.88,55.82,,95.0,155.0,0.0
MKD,North Macedonia,2021-12-19,1741245.0,840411.0,811664.0,89170.0,3869.0,2350.0,83.61,40.35,38.97,4.28,1128.0,514.0,0.025
MLI,Mali,2021-12-28,1057653.0,877525.0,392809.0,,,5924.0,5.07,4.21,1.88,,284.0,2908.0,0.013999999999999999
MLT,Malta,2021-12-27,1043069.0,441288.0,435397.0,198772.0,9536.0,3814.0,202.11,85.5,84.36,38.51,7390.0,401.0,0.078
MMR,Myanmar,2021-12-11,31859036.0,18829259.0,13029777.0,,3800.0,286479.0,58.13,34.36,23.77,,5227.0,180008.0,0.32799999999999996
MNE,Montenegro,2021-12-28,628821.0,283166.0,271471.0,74184.0,1348.0,11277.0,100.12,45.09,43.22,11.81,17956.0,202.0,0.032
MNG,Mongolia,2021-12-28,5332165.0,2265849.0,2163214.0,903102.0,6639.0,6110.0,160.16,68.06,64.98,27.13,1835.0,162.0,0.005
MOZ,Mozambique,2021-12-26,14408516.0,8484211.0,5924305.0,,295812.0,200472.0,44.8,26.38,18.42,,6233.0,108505.0,0.337
MRT,Mauritania,2021-12-26,1843386.0,1119680.0,723706.0,,3777.0,2069.0,38.6,23.45,15.16,,433.0,779.0,0.016
MSR,Montserrat,2021-12-23,3020.0,1547.0,1472.0,,,2.0,60.63,31.06,29.55,,402.0,0.0,0.0
MUS,Mauritius,2021-12-28,2036896.0,947513.0,909900.0,,35153.0,3037.0,159.95,74.41,71.45,,2385.0,2472.0,0.19399999999999998
MWI,Malawi,2021-12-28,1764634.0,1476496.0,680558.0,,18715.0,12894.0,8.98,7.51,3.46,,656.0,12280.0,0.063
MYS,Malaysia,2021-12-28,57112144.0,25985559.0,25596683.0,5727151.0,153228.0,124575.0,174.25,79.28,78.1,17.47,3801.0,2533.0,0.008
NAM,Namibia,2021-12-23,736133.0,399636.0,336497.0,,3837.0,2817.0,28.45,15.45,13.01,,1089.0,1528.0,0.059000000000000004
NCL,New Caledonia,2021-12-20,355717.0,182486.0,173231.0,,,198.0,123.42,63.32,60.1,,687.0,62.0,0.022000000000000002
NER,Niger,2021-11-28,971636.0,507223.0,464413.0,,,614.0,3.87,2.02,1.85,,24.0,81.0,0.0
NGA,Nigeria,2021-12-27,14149682.0,9765729.0,4363620.0,,797209.0,168279.0,6.69,4.62,2.06,,796.0,136382.0,0.065
NIC,Nicaragua,2021-12-15,7308467.0,4628897.0,2679570.0,,,67604.0,109.04,69.06,39.98,,10087.0,41522.0,0.62
NIU,Niue,2021-08-02,2352.0,1202.0,1150.0,,,42.0,145.72,74.47,71.25,,26022.0,1.0,0.062
NLD,Netherlands,2021-12-18,26595765.0,13307938.0,12198544.0,1956191.0,,122565.0,154.87,77.49,71.03,11.39,7137.0,2172.0,0.013000000000000001
NOR,Norway,2021-12-27,9662173.0,4280889.0,3914962.0,1466322.0,18658.0,20843.0,176.78,78.32,71.63,26.83,3813.0,812.0,0.015
NPL,Nepal,2021-12-20,21988516.0,12251183.0,9737333.0,,163026.0,202219.0,74.1,41.28,32.81,,6814.0,129966.0,0.43799999999999994
NRU,Nauru,2021-08-31,14863.0,7612.0,7251.0,,168.0,2.0,136.7,70.01,66.69,,184.0,2.0,0.018000000000000002
NZL,New Zealand,2021-12-28,8119348.0,3972323.0,3839131.0,307894.0,5127.0,9885.0,158.5,77.55,74.94,6.01,1930.0,613.0,0.012
OMN,Oman,2021-12-19,6046310.0,3121257.0,2890827.0,32412.0,3650.0,15961.0,115.75,59.76,55.34,0.62,3056.0,558.0,0.011000000000000001
OWID_AFR,Africa,2021-12-28,302585007.0,192412719.0,124048203.0,839067.0,807260.0,1962103.0,22.03,14.01,9.03,0.06,1429.0,1306339.0,0.095
OWID_ASI,Asia,2021-12-28,6161941112.0,3094209147.0,2615484130.0,198566813.0,28248283.0,25823907.0,131.71,66.14,55.9,4.24,5520.0,3373467.0,0.07200000000000001
OWID_CYN,Northern Cyprus,2021-11-26,617389.0,284357.0,275988.0,80243.0,795.0,6011.0,161.52,74.39,72.2,20.99,15726.0,721.0,0.18899999999999997
OWID_ENG,England,2021-12-27,110631978.0,43417529.0,39692427.0,27522022.0,244078.0,384680.0,195.64,76.78,70.19,48.67,6802.0,18704.0,0.033
OWID_EUN,European Union,2021-12-28,734350154.0,324491752.0,308246122.0,120851548.0,1541885.0,1692837.0,164.21,72.56,68.93,27.02,3785.0,166030.0,0.037000000000000005
OWID_EUR,Europe,2021-12-28,1089120459.0,487485364.0,456325664.0,166360267.0,2232700.0,2510070.0,145.42,65.09,60.93,22.21,3351.0,323842.0,0.043
OWID_HIC,High income,2021-12-28,2016732828.0,923592788.0,848990853.0,274154817.0,3064496.0,3969959.0,166.0,76.02,69.88,22.57,3268.0,470704.0,0.039
OWID_KOS,Kosovo,2021-12-28,1666176.0,885582.0,780594.0,,967.0,1320.0,93.49,49.69,43.8,,741.0,911.0,0.051
OWID_LIC,Low income,2021-12-28,76838294.0,55920613.0,27275457.0,,51674.0,498626.0,11.55,8.41,4.1,,750.0,310266.0,0.047
OWID_LMC,Lower middle income,2021-12-28,2795196776.0,1621530079.0,1151769947.0,15913667.0,12977257.0,12238541.0,83.92,48.69,34.58,0.48,3675.0,4100382.0,0.12300000000000001
OWID_NAM,North America,2021-12-28,820887529.0,404000894.0,344994379.0,78250402.0,204764.0,908694.0,137.6,67.72,57.83,13.12,1523.0,178842.0,0.03
OWID_NIR,Northern Ireland,2021-12-27,3483874.0,1396997.0,1294883.0,791994.0,6947.0,12528.0,183.75,73.68,68.3,41.77,6608.0,463.0,0.024
OWID_OCE,Oceania,2021-12-28,53780170.0,26279710.0,25047744.0,2452716.0,42214.0,98404.0,124.43,60.8,57.95,5.67,2277.0,8329.0,0.019
OWID_SAM,South America,2021-12-28,642758102.0,328680737.0,275614088.0,50456297.0,1713587.0,1151629.0,148.01,75.69,63.47,11.62,2652.0,203251.0,0.047
OWID_SCT,Scotland,2021-12-27,11225951.0,4378172.0,4006076.0,2841703.0,0.0,32032.0,205.38,80.1,73.29,51.99,5860.0,608.0,0.011000000000000001
OWID_UMC,Upper middle income,2021-12-28,4182238915.0,1931990924.0,1813446552.0,206857078.0,17155381.0,15747680.0,166.38,76.86,72.14,8.23,6265.0,512717.0,0.02
OWID_WLS,Wales,2021-12-27,6323324.0,2486737.0,2296242.0,1540345.0,0.0,20512.0,199.47,78.45,72.44,48.59,6471.0,454.0,0.013999999999999999
OWID_WRL,World,2021-12-28,9071072379.0,4533068571.0,3841514208.0,496925562.0,33248808.0,32454807.0,115.19,57.56,48.78,6.31,4121.0,5394070.0,0.068
PAK,Pakistan,2021-12-28,153477237.0,95159489.0,68508472.0,,1526150.0,1344715.0,68.15,42.26,30.42,,5971.0,766768.0,0.34
PAN,Panama,2021-12-28,5801105.0,3024827.0,2462661.0,313617.0,24571.0,8736.0,132.4,69.04,56.2,7.16,1994.0,370.0,0.008
PCN,Pitcairn,2021-09-07,94.0,47.0,47.0,,,0.0,200.0,100.0,100.0,,0.0,0.0,0.0
PER,Peru,2021-12-25,48228055.0,24228683.0,21041985.0,2957387.0,16232.0,171431.0,144.57,72.63,63.08,8.87,5139.0,27612.0,0.083
PHL,Philippines,2021-12-28,107277506.0,56110301.0,48647158.0,1614505.0,986565.0,713604.0,96.61,50.53,43.81,1.45,6426.0,742492.0,0.669
PNG,Papua New Guinea,2021-12-20,504018.0,283915.0,220103.0,,,774.0,5.53,3.11,2.41,,85.0,192.0,0.002
POL,Poland,2021-12-28,46549512.0,21589717.0,20984699.0,6560576.0,838.0,95836.0,123.16,57.12,55.52,17.36,2536.0,18746.0,0.05
PRT,Portugal,2021-12-28,19137482.0,9180041.0,9088140.0,2754084.0,82119.0,38971.0,188.21,90.28,89.38,27.09,3833.0,0.0,0.0
PRY,Paraguay,2021-12-23,6640918.0,3456659.0,2909472.0,274787.0,10430.0,24964.0,91.98,47.88,40.3,3.81,3458.0,2377.0,0.033
PSE,Palestine,2021-12-20,3315774.0,2053044.0,1478705.0,2779.0,17447.0,9350.0,63.49,39.31,28.31,0.05,1790.0,2352.0,0.045
PYF,French Polynesia,2021-12-20,329095.0,169995.0,159100.0,,405.0,638.0,116.48,60.17,56.31,,2258.0,418.0,0.14800000000000002
QAT,Qatar,2021-12-28,5172597.0,2360308.0,2218292.0,,9126.0,6177.0,176.51,80.54,75.7,,2108.0,3261.0,0.111
ROU,Romania,2021-12-27,15770552.0,7930488.0,7786593.0,,21249.0,16149.0,82.45,41.46,40.71,,844.0,29541.0,0.154
RUS,Russia,2021-12-28,144418725.0,73066936.0,65843137.0,6952001.0,550042.0,342483.0,98.98,50.08,45.13,4.76,2347.0,111504.0,0.076
RWA,Rwanda,2021-12-23,12316233.0,7322935.0,4938137.0,,211071.0,160767.0,92.77,55.16,37.19,,12109.0,59393.0,0.447
SAU,Saudi Arabia,2021-12-28,50215461.0,24986423.0,23125154.0,2103884.0,261708.0,224299.0,142.09,70.7,65.43,5.95,6347.0,12653.0,0.036000000000000004
SDN,Sudan,2021-12-15,5251235.0,4016849.0,1234386.0,,6534.0,282083.0,11.69,8.94,2.75,,6281.0,176341.0,0.39299999999999996
SEN,Senegal,2021-12-15,2269383.0,1328153.0,941230.0,,7129.0,29174.0,13.2,7.72,5.47,,1697.0,0.0,0.0
SGP,Singapore,2021-12-18,9543800.0,4799168.0,4744632.0,622452.0,22439.0,3636.0,175.0,88.0,87.0,11.41,667.0,3636.0,0.067
SHN,Saint Helena,2021-05-05,7892.0,4361.0,3531.0,,,97.0,129.48,71.55,57.93,,15915.0,0.0,0.0
SLB,Solomon Islands,2021-12-20,235918.0,179973.0,55945.0,,,1001.0,33.51,25.56,7.95,,1422.0,483.0,0.069
SLE,Sierra Leone,2021-12-08,923880.0,747044.0,385232.0,,1928.0,4596.0,11.35,9.18,4.73,,565.0,3651.0,0.045
SLV,El Salvador,2021-12-22,9553791.0,4476802.0,4146488.0,930501.0,25117.0,15894.0,146.56,68.68,63.61,14.27,2438.0,2030.0,0.031
SMR,San Marino,2021-12-19,53942.0,24306.0,21625.0,,9.0,271.0,158.61,71.47,63.58,,7968.0,3.0,0.009000000000000001
SOM,Somalia,2021-12-26,1504914.0,1203131.0,810010.0,,17966.0,22239.0,9.2,7.35,4.95,,1359.0,18905.0,0.11599999999999999
SRB,Serbia,2021-12-26,8218178.0,3306626.0,3202009.0,1709543.0,13844.0,9426.0,119.6,48.12,46.6,24.88,1372.0,1145.0,0.017
SSD,South Sudan,2021-12-15,268640.0,227262.0,181577.0,,4158.0,1243.0,2.36,2.0,1.6,,109.0,876.0,0.008
STP,Sao Tome and Principe,2021-12-13,137612.0,86396.0,51216.0,,,848.0,61.61,38.68,22.93,,3796.0,175.0,0.078
SUR,Suriname,2021-12-27,488364.0,261122.0,227242.0,,495.0,193.0,82.52,44.12,38.4,,326.0,55.0,0.009000000000000001
SVK,Slovakia,2021-12-28,6044295.0,2714923.0,2420662.0,908710.0,18.0,9559.0,110.69,49.72,44.33,16.64,1750.0,678.0,0.012
SVN,Slovenia,2021-12-28,2894044.0,1249041.0,1188463.0,456540.0,7395.0,7817.0,139.22,60.09,57.17,21.96,3760.0,613.0,0.028999999999999998
SWE,Sweden,2021-12-28,17517091.0,7746286.0,7370712.0,2399970.0,109728.0,33377.0,172.41,76.24,72.55,23.62,3285.0,2902.0,0.028999999999999998
SWZ,Eswatini,2021-12-28,399616.0,334088.0,301243.0,,7504.0,904.0,34.09,28.5,25.7,,771.0,449.0,0.038
SXM,Sint Maarten (Dutch part),2021-12-23,52304.0,27141.0,25163.0,,,19.0,120.46,62.51,57.95,,438.0,9.0,0.021
SYC,Seychelles,2021-12-28,183472.0,82348.0,78263.0,,1315.0,13.0,185.49,83.26,79.13,,131.0,2.0,0.002
SYR,Syria,2021-12-21,1753522.0,1194896.0,781603.0,,,21547.0,9.59,6.54,4.28,,1179.0,19946.0,0.109
TCA,Turks and Caicos Islands,2021-11-05,56343.0,29210.0,27133.0,,,69.0,143.64,74.47,69.17,,1759.0,32.0,0.08199999999999999
TCD,Chad,2021-12-15,366585.0,285922.0,80663.0,,,12413.0,2.17,1.69,0.48,,734.0,12073.0,0.071
TGO,Togo,2021-12-24,2377399.0,1380216.0,997183.0,,,11786.0,28.04,16.28,11.76,,1390.0,1936.0,0.023
THA,Thailand,2021-12-27,102681943.0,51032649.0,45423045.0,6226249.0,521693.0,374147.0,146.79,72.96,64.94,8.9,5349.0,66022.0,0.094
TJK,Tajikistan,2021-12-19,6287345.0,3520397.0,2766948.0,,113265.0,41165.0,64.49,36.11,28.38,,4222.0,28728.0,0.295
TKL,Tokelau,2021-10-12,1936.0,968.0,968.0,,,17.0,141.52,70.76,70.76,,12427.0,0.0,0.0
TKM,Turkmenistan,2021-08-29,7580976.0,4374694.0,3206282.0,,,41369.0,123.91,71.51,52.41,,6762.0,23860.0,0.39
TLS,Timor,2021-12-21,1195990.0,662963.0,533027.0,,7881.0,3856.0,89.0,49.33,39.66,,2869.0,762.0,0.057
TON,Tonga,2021-12-20,130236.0,73609.0,56627.0,,,764.0,121.99,68.95,53.04,,7156.0,22.0,0.021
TTO,Trinidad and Tobago,2021-12-28,1391155.0,707398.0,664699.0,66979.0,0.0,1700.0,99.13,50.41,47.36,4.77,1211.0,402.0,0.028999999999999998
TUN,Tunisia,2021-12-27,11917120.0,6754144.0,5798130.0,813686.0,45811.0,76023.0,99.84,56.59,48.58,6.82,6369.0,43335.0,0.363
TUR,Turkey,2021-12-28,129972508.0,56845477.0,51487225.0,21639806.0,639663.0,601577.0,152.83,66.84,60.54,25.45,7074.0,19582.0,0.023
TUV,Tuvalu,2021-10-22,12114.0,6230.0,5884.0,,,30.0,101.58,52.24,49.34,,2516.0,0.0,0.0
TWN,Taiwan,2021-12-28,34493865.0,18684915.0,15808950.0,116860.0,81672.0,57050.0,144.6,78.33,66.27,0.49,2392.0,7693.0,0.032
TZA,Tanzania,2021-12-28,2431769.0,2079930.0,1359225.0,,,33284.0,3.95,3.38,2.21,,541.0,22138.0,0.036000000000000004
UGA,Uganda,2021-12-20,9763030.0,8354808.0,1408222.0,,134275.0,177260.0,20.72,17.73,2.99,,3762.0,166312.0,0.353
UKR,Ukraine,2021-12-28,28181762.0,14639496.0,13562946.0,,129437.0,82696.0,64.84,33.68,31.2,,1903.0,25436.0,0.059000000000000004
URY,Uruguay,2021-12-28,6947573.0,2766812.0,2674166.0,1506595.0,4264.0,3527.0,199.35,79.39,76.73,43.23,1012.0,303.0,0.009000000000000001
USA,United States,2021-12-28,505013980.0,242813374.0,203832941.0,67165461.0,3.0,518623.0,152.11,73.13,61.39,20.23,1562.0,140411.0,0.042
UZB,Uzbekistan,2021-12-28,38681611.0,18757677.0,11102403.0,,179801.0,162159.0,113.98,55.27,32.72,,4778.0,28804.0,0.085
VCT,Saint Vincent and the Grenadines,2021-12-17,60367.0,33316.0,25709.0,,665.0,439.0,54.25,29.94,23.11,,3945.0,173.0,0.155
VEN,Venezuela,2021-12-17,30049714.0,18393519.0,11608305.0,,,207518.0,104.68,64.08,40.44,,7229.0,109880.0,0.38299999999999995
VGB,British Virgin Islands,2021-12-23,35799.0,18432.0,17005.0,,,83.0,117.67,60.59,55.9,,2728.0,11.0,0.036000000000000004
VNM,Vietnam,2021-12-26,146335052.0,77138616.0,56385381.0,,739617.0,944701.0,149.06,78.58,57.44,,9623.0,177828.0,0.18100000000000002
VUT,Vanuatu,2021-12-20,152711.0,102308.0,50403.0,,,729.0,48.56,32.53,16.03,,2318.0,292.0,0.09300000000000001
WLF,Wallis and Futuna,2021-11-30,11939.0,6016.0,5923.0,,,4.0,107.62,54.23,53.39,,361.0,2.0,0.018000000000000002
WSM,Samoa,2021-12-20,263189.0,141424.0,121765.0,,,42.0,131.5,70.66,60.84,,210.0,10.0,0.005
YEM,Yemen,2021-12-02,786027.0,556652.0,366587.0,,,2545.0,2.58,1.83,1.2,,83.0,1809.0,0.006
ZAF,South Africa,2021-12-27,27798057.0,18848374.0,15766591.0,,3161.0,30046.0,46.3,31.39,26.26,,500.0,18155.0,0.03
ZMB,Zambia,2021-12-25,1597020.0,806611.0,1097097.0,,22571.0,27138.0,8.44,4.26,5.8,,1434.0,7624.0,0.04
ZWE,Zimbabwe,2021-12-27,7218438.0,4105296.0,3113142.0,,3798.0,11918.0,47.83,27.2,20.63,,790.0,6425.0,0.043
